id;text;date;author
1;payment Hawaii Health;2023-09-12T19:37:02;monitor
2;Lead;2023-09-12T20:13:08;Gorgeous invoice
3;programming;2023-09-13T04:47:52;Fresh cross-platform
4;green Manager indigo;2023-09-12T22:55:56;calculating Savings feed
5;application morph;2023-09-13T08:14:08;lime frictionless
6;Garden;2023-09-12T19:59:17;state Unbranded Springs
7;Industrial Senior;2023-09-13T05:30:55;Handcrafted
8;Intelligent District;2023-09-13T02:14:10;salmon
9;FTP;2023-09-13T13:29:45;bypass
10;North Orchestrator;2023-09-13T04:24:33;data-warehouse Facilitator Keyboard
